	ID	tweet	label
218	ts_train_00219	Loku ungali wa mina swa yaswa ussussa mbilo ya mina	negative
238	ts_train_00239	@user @user @user @user @user namina aniswi tivi swaku president mbalula di endle yini	negative
563	ts_train_00564	Kulo sala ku ni tlela kanwe before ni vuyela joni	positive
424	ts_train_00425	@user Ni pfhukile. Ho ini kupfhuka?	positive
753	ts_train_00754	Ha tsovela kola chokwe Mozambique ni khensa mufundisi @user	positive
353	ts_train_00354	@user @user #Topic akuna ku hambana vahaxi na hlonge yinwani ntsena i respect...hi bula navona ive hi share navona ka ti social	neutral
736	ts_train_00737	@user @user ğŸ˜‚ğŸ˜‚ğŸ˜‚ğŸ˜‚ğŸ˜‚ğŸ˜‚ğŸ˜‚ Ina marha ya mina yi famba mahlweni hiti cup masiku lawa	positive
286	ts_train_00287	@user Nina n'wina.Ahi fambeni hita fika le ka hour 12:00 mutxayeri ifambisa kahle nongonoko. Mina ni tsame la back seat la a Gwambeland. intukulo wa Gwambe na Dzavale xihluke xa Ngungunyane.	neutral
653	ts_train_00654	Nkhosi, Dlamini Wena WeKunene. Thank you Cuzâ¤ï¸ https://t.co/IuMI7Ox7i5	positive
768	ts_train_00769	"@user: Auxeni, inlhikani,li xile, ku ndjani, unga ni nhenhentsi, ni bihile, u shonguile, wa nunwa, a ni pfukanga kwatsi.""""ğŸ˜¹ğŸ˜¹ğŸ˜¹ğŸ™ˆğŸ™‰ğŸ™Š"	positive
638	ts_train_00639	Np : puto Jr - male ya pepa	positive
365	ts_train_00366	Ni tsundzuka Vicente sambo a putfontein police station @user ka xingange nsati wamina nthabiseng mashaba ka xokwe @user	neutral
179	ts_train_00180	Futseka wena eh https://t.co/TxMaHlRaNU	negative
396	ts_train_00397	"Mi nga koloti munhu xanchumu, loko ku nga ri ku rhandzana; hikuva loyi a rhandzaka munhu-kulobye u wu hetisisile nawu"""" - Varhoma 13:8"	neutral
8	ts_train_00009	Wa ni Danissa ğŸ™„ https://t.co/1pXjbA0QSI	negative
200	ts_train_00201	@user Va delela! Ntlha	negative
663	ts_train_00664	A nhama Ni dileh... A Guala Ni puzileh.. A male Ni Tekileh..ğŸ’ƒğŸ’ƒğŸ’ƒ Tsatsara tsara ğŸ¶ğŸ¶ğŸ¶	positive
273	ts_train_00274	Utd wa biwaa ğŸ˜¹ğŸ˜¹ğŸ˜¹ğŸ˜¹ğŸ‘ğŸ¼ https://t.co/pZbx692E9a	negative
448	ts_train_00449	Wa swi tivela âœŠğŸ¾ğŸ”¥ https://t.co/x28rZOFOcp	positive
298	ts_train_00299	@user Help ka nhai mukomana	neutral
682	ts_train_00683	@user niku yingiseli nile xokwe Mozambique nilo gaaaa 810dstv @user	positive
539	ts_train_00540	Ni li hinkwaxu ta xona Hi mintizo ya Xikwembu	positive
708	ts_train_00709	@user @user #HHW don't give up man zama ku mutsunduxa chomi ya wena uku: nikombela uni tlhelisela mali ya mina	positive
674	ts_train_00675	Aleluia xikwembo xa matimba tlhatteka vhoko dzaku ku Hina vana wakhu hi kombela a matimba yaku	positive
506	ts_train_00507	@user Makwezu niko kombelela ka Xikwembu a minkateko ni hinkwafswo fi ku fanelaka, ti male, ma gudi laifi, ni mintirho yo tala... parabenja ğŸŠğŸ‰ğŸ‚ğŸğŸˆ ğŸ‚	positive
625	ts_train_00626	@user swa kahle swi komba rirhandzu ra ntiyiso	positive
567	ts_train_00568	@user Ni pfhukile. Akuna swa ku kazata. Ho yini kupfhuka?	positive
13	ts_train_00014	Famba ni ma Range ya wena ğŸ˜‚ğŸ˜‚ğŸ˜‚ğŸ˜‚	negative
577	ts_train_00578	Bom domingo Hosi yi katekisa wena na njangu wa wena. Mhunti ya mona @user Soweto-em Casa Chokwe https://t.co/v3doiep6wU	positive
413	ts_train_00414	Round 2 ya @user nili kwala a Mozambique seni fikile a Maputo @user @user @user @user	neutral
187	ts_train_00188	@user hahahah u ta rendera	negative
731	ts_train_00732	Ni pfukile kwatsi. https://t.co/5YvWG5AQLG	positive
339	ts_train_00340	@user kasse u txava hinni	neutral
378	ts_train_00379	@user @user @user @user @user @user nimu yingisela nile ka xokwe Mozambique 810dstv	neutral
205	ts_train_00206	Swa vavissa vakithi, ho ondza na vo kuluka...	negative
673	ts_train_00674	"Wansati wa ku xonga ku tlhula wene? Animutive minoo?"""""	positive
41	ts_train_00042	@user @user Ova na vuntswaka lowa nhloko	negative
362	ts_train_00363	@user minjane vahaxi vhantokoto mina nipfukile nonyimela ankama waphaphama wu hela nita kota a kuya ntirwene, hikuva akutireke loko kahana nwina vhahaxi @user @user @user @user @user	neutral
447	ts_train_00448	AUXENE... Moh ini ku pfuka?	positive
245	ts_train_00246	@user @user @user @user @user Kalhe kalhe loko mahari kona nwina akutleleki,aku humeki,aku fambeki,aku tirheki aku endleki ntxumu loko nwina mahari la yotsama hi yingisela muze mufamba	negative
135	ts_train_00136	Matximba yaku ingui swa mahala ğŸš®ğŸš¶ğŸ¾ğŸƒ https://t.co/6FfdNrx1pp	negative
248	ts_train_00249	Eh, eh, eh. Ni livrari https://t.co/x5EZDa2bZ4	negative
579	ts_train_00580	@user dzipelile u kone fanhana.?	positive
46	ts_train_00047	@user Unga hi nhenhentsi wena	negative
428	ts_train_00429	Twana a marhito ya ntiyiso https://t.co/xJYQx2LWFh	positive
382	ts_train_00383	Streaming @user live ni ri kwala Maputo. Bondia @user &amp; @user	neutral
318	ts_train_00319	Bwakakaka, hi lhevana muito mal ğŸ˜‚ğŸ˜‚ğŸ˜‚ğŸ˜‚ https://t.co/psbqn6Jmbg	neutral
278	ts_train_00279	Bwakakaka ni tsike https://t.co/7BiupolbMl	negative
582	ts_train_00583	Male ya Machangana :D	positive
678	ts_train_00679	@user wa khala pah	positive
134	ts_train_00135	Nem Ã© WOW... kasi a ni ya kwini	negative
379	ts_train_00380	Uyaphi ku 2020 nendoda? https://t.co/jDHkuInXpK	neutral
486	ts_train_00487	Rixile vayakelany. Tasmani kurhula a sonto.	positive
711	ts_train_00712	#Xiluvaxangaaaa #Mina ni langui wene Top top top ğŸ’ƒ@user bow	positive
791	ts_train_00792	@user @user ğŸ˜‚ğŸ˜‚ğŸ˜‚ğŸ˜‚ğŸ˜‚ğŸ˜‚i rhandza mina, phela kuza xi rhandza camera hi kola ka mina	positive
269	ts_train_00270	@user muhaxi mbilo yamina ya vava hi Chiefs...eshh niri Khombomuni-Mozambique @user	negative
757	ts_train_00758	Ni sungulekile khale mfana ğŸ˜‚ https://t.co/RF4mIqAL3j	positive
747	ts_train_00748	A ku khala ğŸ‘€... Ama saudade ğŸ˜¿ğŸ™Œ https://t.co/qNXu569sIr	positive
196	ts_train_00197	@user Ya mas iiiih, nada ğŸ˜‚ğŸ˜‚	negative
449	ts_train_00450	Nwana Makhuvele Mukonwana wa Khosa. Ntukulu wa Manyike. Feliz dia do pai Mhunti ya mona @userâ€¦ https://t.co/6HVbDi9ddw	positive
86	ts_train_00087	@user Unga ni lhekiğŸ˜¡	negative
149	ts_train_00150	@user Oh Ok xÃ´ niku txiketile	negative
40	ts_train_00041	@user Nawene tem que o tsika madururo u pimissa nhana	negative
104	ts_train_00105	@user @user A vhula vhula ngopfu problema	negative
337	ts_train_00338	U S â€¦ #AQORMV @user Ndlavela https://t.co/xtzZGsDz9W	neutral
497	ts_train_00498	Loku u khaya nkakağŸ˜‚ğŸ˜‚ğŸ˜‚ğŸ˜‚u tlanga hii posiÃ§Ã£o https://t.co/5OXQ81HEyx	positive
616	ts_train_00617	@user Ho yini ku pfuka?	positive
285	ts_train_00286	U womu sau?	neutral
442	ts_train_00443	A vavasati va ma mecha ugue vÃ¡ heti wena..	positive
488	ts_train_00489	@user ğŸ˜‚ğŸ˜‚ğŸ˜‚Ina mas wa ma navela	positive
471	ts_train_00472	@user Ya, mapfilwa Ã© assim mesmo.	positive
573	ts_train_00574	"Xikwembu ni nyike matimba."""""	positive
83	ts_train_00084	"@user @user @user @user Himakha mune lesho, Em Moz seria """"ku ba mpama mina"""" durante."	negative
14	ts_train_00015	A xilungu xakarata. ğŸ¤¦ğŸ¾	negative
790	ts_train_00791	Super sweet Sunday ka nsati wamina nthabiseng mashaba ka xokwe nwana mina inocente mamani flora mathonsi ka xokwe @user	positive
639	ts_train_00640	Ni yingiseli wena sesi khensi nile xokwe Mozambique @user @user @user	positive
232	ts_train_00233	@user @user Hunga kwati vavito ğŸ˜ğŸ˜ Ni dzivalele ğŸ˜ğŸ™ğŸ˜‚	negative
651	ts_train_00652	@user Na hanya. Akuna swa ku kazata. A va tsongwana va thlanga.	positive
283	ts_train_00284	Morning swa mbangue	negative
443	ts_train_00444	Xikwembo Xanga HaleluiağŸ™ŒğŸ¾, Hi Cussa Hina JÃ¡ Ya BuyağŸ‡²ğŸ‡¿ğŸŒ	positive
112	ts_train_00113	Xa gwirha Hiiiii a XI vojani https://t.co/VRm28vvNFV	negative
311	ts_train_00312	@user ğŸ˜‚ğŸ˜‚ Conforme Me Swi Vhonaka Isto Requer Uma Conxienxia e Idade Elevada!	neutral
613	ts_train_00614	niku 10 ma garrafa	positive
4	ts_train_00005	@user ğŸ˜± oh hosi yanga ğŸ™†	negative
299	ts_train_00300	Ni Teka ni famba ou no dÃ¡ ko halağŸ¤”	neutral
733	ts_train_00734	Mawako...muito nice ih https://t.co/ok6K69W6Ms	positive
714	ts_train_00715	@user @user @user mara buti Sydney Xikwembu ximu nikile ku hlamusela swilo swi nandzika, wativa ingi ova kwale.	positive
521	ts_train_00522	A xitombo xa nandzika	positive
121	ts_train_00122	Fui dar uma chance a sushi swani luma ndzene	negative
590	ts_train_00591	La ka mina ku dyiwa ti coconut ğŸ¥¥... @user Maputo, Mozambique https://t.co/kgGc8M2gKa	positive
275	ts_train_00276	@user unga ni singuite ni mumu lÃ³	negative
608	ts_train_00609	Utamukuma ka Sapatero*	positive
465	ts_train_00466	Hinkhomo... mo yini hi ku pfuka?? https://t.co/5FzXXwKWaW	positive
507	ts_train_00508	@user Mom of kids Mamana wa vanana	positive
683	ts_train_00684	@user swa kahle leswo	positive
707	ts_train_00708	@user Teka famba bro ğŸ˜‹ğŸ˜‚	positive
386	ts_train_00387	Ningene na nwina eka 2020 nili kwala Mozambique ka Macia, hi xohondzo lexi 92.0 @user @user @user	neutral
129	ts_train_00130	porras ya, swi tÃ¡ gama hi merda	negative
782	ts_train_00783	mina na wena	positive
561	ts_train_00562	#PhaphamanaMunghana Community weeeeeeeeeeeâ— Avuxeni vanhu vamisava. Woza friday, hlayisekani miyingiseri #phaphamanamunghanalonene. Ahitireni hita hola male yosaseka. ixiGwambana kusuka la a Gwambeland, vana va Gwambe na Dzavale. https://t.co/PFHuV5xPo6	positive
130	ts_train_00131	Bom rapper. A gama ku biwa ğŸ˜­	negative
119	ts_train_00120	@user A u tivi ntxumu	negative
97	ts_train_00098	Nako male ya mu phuntissa https://t.co/BFe0HqToDa	negative
152	ts_train_00153	ğŸ˜¹ğŸ˜¹ğŸ˜¹ğŸ˜¹ğŸ˜¹ EDM, djoh... Wa hi danissa	negative
340	ts_train_00341	@user vata rin Ka wena	neutral
698	ts_train_00699	A makhessemussi nkata ni ma lua de mel hitada xikamwe ungatxavi nkata hikussa sse hi txadile	positive
95	ts_train_00096	â€œWa Vizinhouuu Nikonbela Ko Loyiwaaaaâ€ https://t.co/pLSSvDPvKL	negative
268	ts_train_00269	@user @user #Topic uvona hiku loku hi hlangana anipfuxeliwi and ni bockiwa ka ti social ntwrk	negative
478	ts_train_00479	Hosi xikwembo xanga mamba yanga, mamba yanga hi yamukeliğŸ˜­ğŸ˜ğŸ˜ğŸ˜ https://t.co/VOYlvkKeNL	positive
363	ts_train_00364	Swili leswi u tivaka nguiza Hina ku lava hi nyombela? https://t.co/CY1JY0v3Jt	neutral
215	ts_train_00216	A loko niko hi matilho lo bindza,minengue wo tiya	negative
508	ts_train_00509	@user Ndlela yi rhandza mehe	positive
284	ts_train_00285	@user pfuxa: 1 Rafael Ndlhovu, ka Mavodze 2 Antoni Nyathi la Pitori 3 Cuvuka Valoyi ka Xisungele I ADOLFO KHOSA LA MOZ. KA KHUBU.	neutral
279	ts_train_00280	Uhum ğŸŒšğŸŒšğŸŒš evita ya https://t.co/FWUWtmToUj	negative
80	ts_train_00081	Tiva Hini hi khu fassa ğŸ˜¡ https://t.co/y62SJaptDz	negative
632	ts_train_00633	dzixilela wena mufoto ho ini hi ku pfuka? https://t.co/EJZenJpY5R	positive
533	ts_train_00534	"@user """"Ah wa wassate waku shonga, hunghÃª wa whettii wena!!..."""""	positive
755	ts_train_00756	Nami hoyozela vahaxi vamina va migingiriko na tsemba swaku muyetlhele kalhe ami bedweniğŸ˜‚ğŸ˜‚ğŸ˜‚loko mu suka kağŸ‘‰ @user toloğŸ™ˆ @user @user @user @user @user	positive
124	ts_train_00125	Ka hissa lah Kah maputso.	negative
220	ts_train_00221	Eish vo ni kama ca chapa-.-'	negative
631	ts_train_00632	Ku njhani @user ni nghena kola chokwe	positive
60	ts_train_00061	@user Hi ku pfinha, va hi sola	negative
194	ts_train_00195	@user lol::&gt;&gt; shii manoo::#slowly:: wa biwa	negative
329	ts_train_00330	Unga andlhali lÃ¡ BAZARA mintxumu ya caia...ğŸ˜‚ğŸ¤£ğŸ¤£ğŸ¤£ğŸ¤£ https://t.co/KR6sjyT9i9	neutral
496	ts_train_00497	@user Hini ya tsutsuma bai heeee Malembe ni Malembe ka mugango lowo	positive
464	ts_train_00465	@user @user Tem ni dondza primeiro para ni khanela	positive
93	ts_train_00094	@user @user Pfutseka! Para ti que ttaste	negative
168	ts_train_00169	Dadinhaz around tha world hani tsikka ka maputo afamba a tshama london	negative
18	ts_train_00019	I tinholuene a xwi Dari https://t.co/hAYe2sMVrB	negative
351	ts_train_00352	@user mindzumba nina wena mais vehlo kuna moya nyana namuntla https://t.co/EESrwQOyit	neutral
92	ts_train_00093	U ta swi vona. https://t.co/2UVVwSX9cv	negative
297	ts_train_00298	Kutta ka bacha https://t.co/5QD1HrZi6M	neutral
263	ts_train_00264	Khasi u djulaa niku hini mamanee..!	negative
58	ts_train_00059	@user Swimbenhane vata hi rhivalela mas ava futseke...	negative
206	ts_train_00207	@user @user #Topic i vona hiku na loku mihlangana anipfuxeliwi, niblockiwa ka ti social ntwrk	negative
16	ts_train_00017	U bihile demais, lokhu ulangunta hansi a xikwembo swo kubha I mazwidji. ğŸ¤£ğŸ¤£ğŸ¤£	negative
513	ts_train_00514	@user Wa hemba... Heineken e txilar aqui ğŸ˜ğŸ˜	positive
713	ts_train_00714	Nitafa na wena murandziwa Te amo Te amo Nitafa na wena murandziwa Te amo Te amo #Vibes	positive
155	ts_train_00156	@user @user @user minga valavuli hi @user mbilu ya mina ya vava vahaxi....	negative
710	ts_train_00711	"A lirandzo ih mensa ni behula Vhata tshemelela inkwafswo fswaku biya"""" â¤ï¸"	positive
1	ts_train_00002	Aha... Auxeni ti nguavani	negative
722	ts_train_00723	@user Vungani ka story ko timve ğŸ˜‚ğŸ˜‚	positive
6	ts_train_00007	Mu nga ni landzi... Na loya	negative
642	ts_train_00643	@user nipfukile vhahaxi niya atirweni ni ndlhula nixava amapawa dj iwamativağŸ˜‚ @user @user @user @user	positive
326	ts_train_00327	A macena mÃ¡ loukizzzy muzaia ğŸ™‚	neutral
655	ts_train_00656	Nimu yingiseli nile chokwe Mozambique vahaxi vamina va qualidade zwimbiri2 @user @user @user	positive
738	ts_train_00739	@user @user #HHW zama kuti hlanganisa na yena chomi ya wena face to face unwi tsunduxa hi xikweleti don't give up	positive
344	ts_train_00345	Swa yantswa uti twisa hiku Loku uta famba vata sala vati busa @user Cidade De Chokwe https://t.co/BRaGmLGCwQ	neutral
255	ts_train_00256	Fambane mi te kundza nwine ok ? Estudos swa kho vha hambi ka kehele dza mani??? https://t.co/OkPURN3h43	negative
695	ts_train_00696	Nihinguisela munghana lonene FM ranitsakissa ni lani Maputo - Zimpeto	positive
160	ts_train_00161	@user @user sangula ku switwa, ti vutisa ku va ngave va endle yin xakahle namuthla	negative
400	ts_train_00401	Swiyimbeleri ahi yeni .... miva byela ku hina hi tiva ndlela(senya retla patela) @user Mozambique https://t.co/rZlPwwrCRz	neutral
331	ts_train_00332	Refiller Boy- hosi yamo ganga ğŸ˜¹ğŸ˜¹ğŸ˜¹ğŸ˜¹ğŸ˜¹ğŸ˜¹ğŸ˜¹ğŸ˜¹ğŸ˜¹ğŸ˜¹ğŸ˜¹ğŸ˜¹ https://t.co/Xj3huXLHkz	neutral
221	ts_train_00222	HAHAHAHAHA yu yu yu yu wa hi danissa. https://t.co/G9a4Ycj66e	negative
7	ts_train_00008	@user A ta ti nhelağŸ˜‚	negative
227	ts_train_00228	"@user: @user Famba Ti Nhela Nilza . eh eh eh"""""	negative
619	ts_train_00620	Kanimambo Chikwembo xa MathimbağŸ™	positive
178	ts_train_00179	A va vassati va loya!	negative
675	ts_train_00676	@user wow na khensa sesi mhana rivaldo vani khome kahle hi siku ra mina	positive
559	ts_train_00560	Hi mbilo leyi yitsovekeke, hibuyisa #xikandarinha lexi angahisiyela madala wahina Calane da Silva (RIP),hitakombekisa lesvaku xahahisa. Mina,na munganu wamina wantloyi, @user hitaxitlatleka. Kutane, ntlangu lowu wuvuya hi kurula!! Akutlangiwi: https://t.co/njQTRonbhF https://t.co/IAipMU1EfU	positive
432	ts_train_00433	@user Karingana wa karingana-JosÃ© Craveirinha	positive
540	ts_train_00541	#HistoricEndtimeRevival Celebrando o Senhor MIKULUNGUANA KA YESU ALILILILILILILILILI ALILILILILILILILILI ALILILILILILILILILI ALILILILILILILILILI https://t.co/LFBKJHwJYI	positive
785	ts_train_00786	Cinderela wa mina I love u babe â™ªğŸ’ƒ	positive
217	ts_train_00218	Utafa u siya ulombe himaka tinhama https://t.co/SXno6jtQBl	negative
627	ts_train_00628	Alirandzo hi mintxumo xa lissima Kutlula a timaka xatimale â¤	positive
137	ts_train_00138	@user he Ningoss ani voni ku biha loku hiya hala ka Twitter na whtspp mara ka facebook swibihini. Niri Khombomuni-Mozambique	negative
26	ts_train_00027	Ho hi danissa wena wananga https://t.co/zWhrWVFQ4i	negative
416	ts_train_00417	Lol tavuya ka mana Thembi hahahaha aku tleleki meu irmao @user @user @user @user	neutral
352	ts_train_00353	Ku lhamba vavakulo	neutral
786	ts_train_00787	Auxene. Mo yini kupfuka? #Acredita #CenasÃ€TardeAninam	positive
3	ts_train_00004	Hiiiii ni livrarih !!	negative
208	ts_train_00209	GÃ©rdio paaah,pastor,pastor dza ku hini a hi sizi mani ! ğŸ˜‚ğŸ˜‚âœ‹	negative
474	ts_train_00475	@user Ku saseka naku faneriwa swa wena keep it up	positive
45	ts_train_00046	Wali wa Dula ğŸ˜­ https://t.co/sQ0HCqUo7E	negative
650	ts_train_00651	@user KING WA ÃFRICA	positive
171	ts_train_00172	xitombo xa ngwako https://t.co/U46JiZThRL	negative
20	ts_train_00021	@user KI estÃ¡ a criar um Vuku Vuku grande sabe	negative
319	ts_train_00320	Va yi kwine a vangana va wena â¤ï¸ @user Vila olimpica do Zimpeto https://t.co/xj3eAxCmaa	neutral
598	ts_train_00599	@user @user @user @user rixile vahaxi va mina nimi kuma kahle nirila Moz ka Khubu la. Obrigado	positive
175	ts_train_00176	Aah futsek wena https://t.co/quvUb9o7DF	negative
541	ts_train_00542	Nikensa Yesu Ã© ğŸ”¥	positive
585	ts_train_00586	John Legend - Mina Na Wena	positive
596	ts_train_00597	@user Na hanha. Aswina ku kazata. A vatsonguana wo thlanga.	positive
370	ts_train_00371	@user wena kumele uhambisweâ€¦ğŸ¤ğŸ¾ https://t.co/1O8hMyDnhR	neutral
499	ts_train_00500	#PhaphamanaMunghana @user na xipano xa phaphama inkomu swinene, ahitireni hita hola male yosaseka. Siku ra kahle na kava engiserhi. IxiGwambana eGwambeland.	positive
659	ts_train_00660	Utomi Nzanga Za Ku Tsakissa #PretoDeMoz #Enjoying The Life em Maputo, Mozambique https://t.co/n4bNaMZjWp	positive
470	ts_train_00471	@user Auxeni, hoyini Ku pfuka!?ğŸ˜‰	positive
692	ts_train_00693	Tseka tseka uta ni kuma hi ndlhela https://t.co/Fe2u6iCzfQ	positive
212	ts_train_00213	@user Munganu leswi swa lhanhelana bha , upimissa swaku o miss universo loku upfuka yuuu uli hansi	negative
61	ts_train_00062	@user ğŸ¤£ why uni lembrara lexwu ğŸ˜¤ wena wa kazata	negative
89	ts_train_00090	Na Unitiva tem OpiumğŸ¥º https://t.co/Wqn5g9ZB9M	negative
36	ts_train_00037	Swa yentxeka nÃ£o tÃ¡ nada nice ğŸ˜­ğŸ’€	negative
501	ts_train_00502	U ta mu vona lu lala nyana 2x Ku vi a dÃ¡ ti nga txayi ğŸ•ºğŸ¿ https://t.co/LeLzsn7GjF	positive
106	ts_train_00107	nitaku panhula hi xikwe xa tiro lÃ¡ ğŸ˜‚ğŸ˜‚ https://t.co/FiACRWQC5t	negative
512	ts_train_00513	Siku dza namuhla dzi kathekilÃª ğŸ•ºğŸ¿	positive
594	ts_train_00595	A Nina male minoooo, noh tivha ku kina (blaze's voice)	positive
156	ts_train_00157	Ihhhhh ih ih ih um perigoso awenaaaaaa	negative
90	ts_train_00091	@user Wa nsila lweyii... ğŸ˜ª Damnnnnnnn	negative
64	ts_train_00065	â€œA xwi chegui ka?â€ ğŸ˜­ğŸ˜­ https://t.co/8e8jEUeM0n	negative
691	ts_train_00692	Niku yingiseli nile xokwe Mozambique nilo geee kola hansi ka nsinya wa nkanyi 810dstv @user @user @user	positive
560	ts_train_00561	Parceiro//a Novas mÃºsicas 01.HOSI HI PFUNI ğŸ”¥ 02.NINA XILONDZA MBILWINIğŸ”¥ 03.HOSI XIKWEMBO ğŸ”¥ WhatsApp +258866753098 https://t.co/J3dcH9ZsEl	positive
399	ts_train_00400	He mfoo wa xitwa xipapilani xa kokwani Dala @user @user @user	neutral
226	ts_train_00227	@user @user #HHW Sesi famba uya vonana na papa face to face uhlamusela mhaka ya wena papa va rhelela moya	negative
669	ts_train_00670	Banani MÃ¡ Voko, Assistam In Loko #8ou80EP	positive
394	ts_train_00395	@user Vo hi fridjela Wenou, vo hi komba fswaku a ndlela ya sathana ya tika, ka hissa ala ansi, jÃ¡ wena langa kumbe u lava kuhissa loko ou kumbe pradise.	neutral
743	ts_train_00744	@user loko dj @user momu siya yexe sikurinwe lani ka @user vangarikona @user na @user na buti @user anga swihaxa hkwaswo loyi wa dj atlhela abala nitilhoko mhaka ta mahungoğŸ˜‚ğŸ˜‚ğŸ˜‚ğŸ˜‚ğŸ˜‚ğŸ˜‚ğŸ˜‚	positive
261	ts_train_00262	Uni Txova Yini &gt; http://t.co/WIRVhMCyog #Moneycomio #HipHopMoz	negative
281	ts_train_00282	@user ni kazalile phelassi	negative
552	ts_train_00553	Gabriel Shyne feat. Killua - Lirandzo la Mina na wena ğŸ¥°ğŸ’£	positive
57	ts_train_00058	@user @user @user @user @user @user @user Hi maka Ruy ğŸ˜‚	negative
530	ts_train_00531	Ni lava male sÃ³ğŸ’¯ğŸ¥°	positive
760	ts_train_00761	@user @user Ni ta pimissa	positive
309	ts_train_00310	@user Vhondwa djow ğŸ¤¤ğŸ¤¤ğŸ¤¤ğŸ¤¤Xibhehe wa xi Tiva?	neutral
209	ts_train_00210	@user @user @user #HHW boti unga vileli Xikwembu xita hlayisa sesi vana mbilo ya sathana	negative
35	ts_train_00036	Barcelona ( Loko ni file mungane rilane..)	negative
52	ts_train_00053	ğŸ˜†ğŸ˜†ğŸ˜†ğŸ˜†ğŸ˜†ğŸ˜†ğŸ˜†ğŸ˜† A xizame da kwapa mesmo https://t.co/NHgwJMAfrx	negative
120	ts_train_00121	Para depois anga nandzikeğŸ—‘ğŸ™†ğŸ½â€â™€ï¸ leswo swa ma foto hum https://t.co/KywAT2Ot1a	negative
439	ts_train_00440	@user Teka Famba, Papu	positive
410	ts_train_00411	Mina noh Famba! https://t.co/cA4fzePVun	neutral
524	ts_train_00525	Ungalaxlhi davhuku wawena, davhuku wa wena hivhutomi. Bom dia @user Javanhane GuijÃ¡ Gaza https://t.co/y7HIhhXGBs	positive
296	ts_train_00297	@user ğŸ˜‚ğŸ˜‚ğŸ˜‚ğŸ˜‚ eka ğŸ¤®ğŸ¤¢ Teka famba Big ğŸ˜»ğŸ˜»ğŸ˜»ğŸ˜»	neutral
184	ts_train_00185	"#SabedoriaLocal: """"Leswi munga ka swona swi fana ni kuya rhinga Nyanga kumbe ya tirha"""" TI VONELE NGOZI MADALA!!! #nDota! #DÃ¡lvioMachava!"	negative
288	ts_train_00289	@user ja wena Stella.....	neutral
795	ts_train_00796	. wo ai ni:)	positive
390	ts_train_00391	ya xigadzana ehh	neutral
254	ts_train_00255	A nuna wa wena i malandro	negative
59	ts_train_00060	@user Uku ni dzo ğŸ˜‚ğŸ˜‚ğŸ˜‚ğŸ˜‚	negative
361	ts_train_00362	Sesi lindiva niku yingisela kusuka dorobeni ra chokwe Mozambique kaya mbuya wayi tiva dstv kumbi wotwa @user @user	neutral
664	ts_train_00665	Ni lava ku Susa Tosa	positive
342	ts_train_00343	Le wena wa ba zoza? https://t.co/41BLaYxUvC	neutral
235	ts_train_00236	ğŸ˜‚ mu randza xwa Mahala https://t.co/zfLAlW8zd5	negative
153	ts_train_00154	Wa famba o duwuliwa	negative
686	ts_train_00687	Wayi vona manica ya nyuwani @user https://t.co/sbhKf3p4Xd	positive
481	ts_train_00482	@user i fanela hiku rhandza kereke naku faya miti ya vanhu	positive
303	ts_train_00304	Kea tshosetsa mara o ke wena @user ğŸ¤£ğŸ¤£ğŸ¤£ğŸ¤£ https://t.co/09Po62odUD	neutral
320	ts_train_00321	@user @user @user @user @user Niku vonile na nifamba hi movha ani jahile niku vone ka nkuna ka palmeri	neutral
43	ts_train_00044	U ku um dois u mu ba ka xifuva a fa.... Inah... Swa djuleka ğŸ˜­ğŸ˜­	negative
264	ts_train_00265	@user kassi wa tsonana? https://t.co/NBAIXwwTHp	negative
131	ts_train_00132	@user XÃ´ lava kunha sÃ³! Mara WA XI lumbeta	negative
12	ts_train_00013	Hahahah swa nsila sÃ³ ğŸ˜‚ğŸ˜‚ğŸ˜‚ğŸ˜‚ https://t.co/NILtGhy1pu	negative
409	ts_train_00410	Niku khoma nile xokwe Mozambique @user	neutral
612	ts_train_00613	Malome @user u ndjane??	positive
73	ts_train_00074	Hi Ta Hambana Hi Ma Central @user ğŸ˜­ğŸ˜­ https://t.co/duLp8VeqA0	negative
22	ts_train_00023	@user ğŸ™† hosi yanga ğŸ˜¹ğŸ˜¹ğŸ˜¹	negative
604	ts_train_00605	@user Ni pfhukile. Khanimambo. Wene ke?	positive
672	ts_train_00673	leswi ni swi vhonaka mine	positive
107	ts_train_00108	Hambi honi nhenha kassi wani nhenha wayi uni nhenha ğŸ¶ Mavelevele Hustler ğŸ”¥	negative
162	ts_train_00163	Aweennn ..Ka hissah.. nem haku sebaa doze	negative
122	ts_train_00123	Himina muyivi WA botija ğŸ˜‚ğŸ˜‚ğŸ˜‚ğŸ˜‚ğŸ˜‚ https://t.co/mMuRG79ePa	negative
696	ts_train_00697	Dzixile, Na Mi Lossa Va Yakelani....â˜€â˜€	positive
661	ts_train_00662	@user Tana u ta dya.	positive
498	ts_train_00499	@user Edjoh.. a gaju yini vhoku pah ğŸ˜‚ğŸ˜‚ğŸ˜‚	positive
766	ts_train_00767	@user Hewa ya Oxygen ğŸ˜	positive
652	ts_train_00653	Ni bom manji wena kueh? https://t.co/40DlfXTgG5	positive
110	ts_train_00111	@user ya pokehh o xpantuu.. #l0lzz	negative
101	ts_train_00102	Manhokonhoko tsem ... ğŸ¤¦ğŸ½â€â™‚ï¸ğŸ¤¦ğŸ½â€â™‚ï¸ğŸ¤¦ğŸ½â€â™‚ï¸ SWA ti mbangue ni ma cigarri leswoooo...ğŸ˜©ğŸ˜©ğŸ˜©... Lol... Just jkn https://t.co/pYQyQ2p0bA	negative
475	ts_train_00476	@user i ckali nitlanga hi tinamba.ğŸğŸ‚	positive
387	ts_train_00388	Wa vurisa mfowethu. https://t.co/WVglHh5wlE	neutral
544	ts_train_00545	Ku phuza bem 2M Flow	positive
502	ts_train_00503	Ni lavha ku hanha na yena Mina ningue fambi hi lane https://t.co/HwsmwkJM7A	positive
654	ts_train_00655	@user @user @user swinene ngopfu ni vuya matreno hina jogo mndzuku	positive
173	ts_train_00174	Futseka wena. Famba ti ginha hi xpinhosa https://t.co/ssxYifA5sY	negative
800	ts_train_00801	Va galhi tiMbatsana kaMarracuene. https://t.co/M1dMpStlM7	positive
455	ts_train_00456	@user A ku xonga ğŸ˜‡	positive
188	ts_train_00189	@user @user Essa noite ? Swa hila	negative
145	ts_train_00146	@user sister lowi hikuya himina angatekiwange end ana vana vanarho va papa vo habana end angangeni kereka nabiya wa phuza	negative
801	ts_train_00802	@user Wena wa tsoga yong	positive
452	ts_train_00453	@user @user Ukanga umakuma lawa ya RAYMOND? Atakuvavisa madala.	positive
63	ts_train_00064	@user @user Ani madururu npfana lweyiğŸ˜¹	negative
169	ts_train_00170	A mbangui mu dzahaka Yowe yowe	negative
111	ts_train_00112	Aweh.. A tihlu ğŸ˜­ https://t.co/mN1n4oBCLW	negative
597	ts_train_00598	U saize wa mbedo wa mina* ğŸ•ºğŸ½ğŸ”¥ https://t.co/uCqXCHqQES	positive
236	ts_train_00237	@user mina vhahaxi nipfukile ni ndlhua ni teka amungano wamina hitaya ntirweni nimukeme iwa hayo le'lheeeeeee,...ğŸ˜‚atwa axirhami katitimela la magude @user @user @user @user @user	negative
510	ts_train_00511	hina hi hanya mahala ka jesu ğŸ¤©ğŸ¤©ğŸ¤©	positive
392	ts_train_00393	Xanga xa malembe... Xita vamba Xita buya ğŸ˜ğŸ¤ğŸ‘Œ	neutral
575	ts_train_00576	@user na khensa bra ya Mina	positive
457	ts_train_00458	@user u tsika mova kaya namunthla https://t.co/Q0PyGKCiyt	positive
689	ts_train_00690	@user @user @user #HHW Sesi byela va malume se vona vata hlamusela papa ku wa kuna dzovolo wa yena	positive
49	ts_train_00050	@user @user Vha ta dlayağŸ˜­	negative
214	ts_train_00215	"@user: @user AHAHAHAHAHAHA waHidanissaa N**sia :D :D""""oh ih Xixa hahahahhaha"	negative
15	ts_train_00016	@user Famba ti gumula hi parede	negative
550	ts_train_00551	@user @user ğŸ˜¹ğŸ˜¹ğŸ˜¹txuvuka leswi lani ğŸ˜¹ğŸ˜¹ğŸ˜¹ğŸ˜¹	positive
230	ts_train_00231	Uni endla yini hivu nanga mani nile xokwe 810dstv @user @user @user	negative
684	ts_train_00685	@user @user ni khensile nd ntava nayena mundzuku	positive
687	ts_train_00688	Usho wena neh ğŸ˜‚ğŸ˜‚ https://t.co/50xeXtxnNI	positive
777	ts_train_00778	Ku dliwa salada https://t.co/8RIMJHAhz9	positive
412	ts_train_00413	Kaya ka vo vovo... Nkanyini wa mgilo @user Magude https://t.co/gCgF3Kgs7c	neutral
461	ts_train_00462	SÃª vha ni vitile... Niya ti dakwela... Nitsama hansi, ni da nhama... Ni tlhela ni phuza, ni va nhenhentsa ...	positive
799	ts_train_00800	Teka Famba Ya Man .. Te amo ğŸ˜»	positive
637	ts_train_00638	@user @user @user nina wena kola xokwe Mozambique	positive
5	ts_train_00006	@user Eeeeh a nsati lwei a banana maj...	negative
728	ts_train_00729	A Pandza wa kho ğŸ•ºğŸ½	positive
520	ts_train_00521	@user Ohhh hosy yanga dzi xurisse hi moya waku dzi tiya dlhelene yaku â™¥ï¸ Saudades...	positive
746	ts_train_00747	Nifile ih wena	positive
716	ts_train_00717	@user Dzixile ho yine ku pfuka?	positive
526	ts_train_00527	A swilo swa matilo swi lava ku hiteka... @user, @user, @user, @user, @user, https://t.co/0HZwjawQgZ	positive
754	ts_train_00755	@user Na hanya. Aswina ku kazata. Khanimambo	positive
348	ts_train_00349	@user @user Oww ok ih	neutral
732	ts_train_00733	Mamana wa bebe	positive
610	ts_train_00611	Vanhu va mali ku khola ğŸ˜‚ğŸ˜‚ @user Ressano Boarder https://t.co/AT1kcMdjQW	positive
774	ts_train_00775	Ni rungula nsati wamina nthabiseng mashaba ka xokwe nwana mina inocente mathonsi na mamani flora mathonsi ka xokwe Mozambique @user	positive
434	ts_train_00435	Hi Nkomu..!! Mo hini hi ku pfuka !!!? https://t.co/hMoq8CN7yX	positive
803	ts_train_00804	A Xikwembo A Xi Ku Katekisse ğŸ™ğŸ™ğŸ™ https://t.co/TjzFkAk9WO	positive
51	ts_train_00052	U la kuta ka mina Ungati na usiku U zama zama kuni phazamisa ... U la ku nivuyisela a gono ni meticali	negative
371	ts_train_00372	Uh stivissa ku ine leswu??? https://t.co/vJx7HA45mk	neutral
709	ts_train_00710	Ni Pfhuni Ku Tsova, Tsova Tsova ğŸ”¥ GOLD âš¡ï¸ https://t.co/SeqmIfcTgV	positive
346	ts_train_00347	@user wa kala babu	neutral
586	ts_train_00587	December ni tirhisi leswo tala ntaswi vona January @user Cidade De Chokwe https://t.co/92ULjTcDKs	positive
576	ts_train_00577	Niku yingiseli nile xokwe Mozambique sesi thembzana @user @user	positive
477	ts_train_00478	WENE U XIMATE XA BOENE ğŸ˜â¤ï¸ https://t.co/clCnKSaYOg	positive
735	ts_train_00736	@user Mina nile ntirhweni la Mozambique ka Khubu	positive
543	ts_train_00544	@user Jeremias Nguenha - La Famba Bixa Abilio Mandlaze - Juro Sinceramente Abilio Mandlaze - Ulava ni ti sunga	positive
68	ts_train_00069	Swa mbangue ni ma cigarri !!! https://t.co/3DZRDFHJw1	negative
628	ts_train_00629	@user Na hanya. Aswina ku kazata.	positive
634	ts_train_00635	Matshonela Yakoh (mana mina) Mabarri Yakoh (mana mina) Mas a mpfhana wa nheketo lweyi anga guentanga ih wene âš¡ï¸ğŸ¶	positive
462	ts_train_00463	@user Wena, no ku Randza hi ku pimissa...	positive
681	ts_train_00682	@user Siku ni Siku	positive
190	ts_train_00191	ğŸ˜¹ğŸ˜¹ğŸ˜¹ğŸ˜¹ğŸ˜¹ğŸ˜¹ loku u dlhawa hi precoce ğŸ˜¹ğŸ˜¹ https://t.co/0E43GekZkq	negative
688	ts_train_00689	*a swa lissima ih kuh tibekah hansi*	positive
748	ts_train_00749	@user Auxeni Madala U bom.	positive
578	ts_train_00579	U bom mana tt ni yingiseli wena kola ka xokwe Mozambique @user @user	positive
19	ts_train_00020	@user Wa hlanha lweyiğŸ˜‚ğŸ˜‚	negative
415	ts_train_00416	Kama Bill Gates angekua ni nchi, basi angekua ni nchi ya 37 kwa utajiri duniani! #ElimikaWikiendi	neutral
287	ts_train_00288	@user Ih KD Hawena	neutral
468	ts_train_00469	@user Madala lweyi namufeva, wativa stereka!	positive
741	ts_train_00742	Buya lenu niku dondzissa ğŸ’ğŸ½â€â™‚ï¸ https://t.co/eGbk1ROpXy	positive
276	ts_train_00277	@user ğŸ˜‚ğŸ˜‚ğŸ˜‚ğŸ˜‚ğŸ™ŒğŸ½ ni livrari. Txau	negative
794	ts_train_00795	Ah bro ya. ğŸ˜‚ https://t.co/ZemU0cOJDn	positive
207	ts_train_00208	Acula ai = aquilo ali. Mawaku ğŸ™ŒğŸ¾ğŸ™ŒğŸ¾ğŸ™ŒğŸ¾ğŸ˜‚ wa hi danissa juro	negative
665	ts_train_00666	@user Na hanya. Ni khensile. ğŸ™	positive
10	ts_train_00011	Ihhhhhhhhhhh... A chirami ka lomuu!!!!	negative
737	ts_train_00738	@user @user â€œYa Maning, ya Maning, ya Maning...â€	positive
199	ts_train_00200	@user utah ni dlaya salubri!!! 1#	negative
191	ts_train_00192	@user @user Aaaaassh wena mani. ğŸ˜©ğŸ˜©ğŸ˜©ğŸ˜©ğŸ˜©ğŸ˜©ğŸ˜©ğŸ˜°	negative
161	ts_train_00162	"@user Niva vonili lavaka mhani ku va xongile swinene. ndlela ya Xai Xai na yona ya penga, na leswa maphorisa loko swiku yimisa swo tirha ro """"no problem, the problem is coca cola"""" ğŸ˜‚ğŸ˜‚"	negative
729	ts_train_00730	Ni xisela Wena #Njovo https://t.co/5NtqzMvOYU	positive
519	ts_train_00520	Hlula mine U hlula tingonyamo U ta teka tiko, I dzaco!	positive
622	ts_train_00623	@user @user @user esh na mina se ni mikuma kahle @user niri Khombomuni-Mozambique...#Dankiiiii	positive
720	ts_train_00721	Ni cizi weni, unga buyi ni taku.. https://t.co/QZ0ODDUY70	positive
730	ts_train_00731	Ni rungula my love nthabiseng mashaba ka xokwe @user ka xingange niheta hi sivari Vicente sambo a putfontein @user	positive
138	ts_train_00139	@user hiiiiiiii wa ni xicha :-(	negative
154	ts_train_00155	@user famba txuta hahaha. ğŸ˜‚	negative
403	ts_train_00404	Ehhh yewe,ni lawa ku dog style ğŸ˜‚ğŸ˜‚ğŸ¶	neutral
143	ts_train_00144	Ni ta ku ronha gotwana... ğŸ¶	negative
366	ts_train_00367	Ba Teka teka teka hi mani Mulato/ Ba Teka Teka Teka Hi mani Mulungo/ Ba Teka Teka Teka Hi mani Mbanyanga #XilhaulaMani	neutral
213	ts_train_00214	Futsek wena eh https://t.co/ugmvB1cmlz	negative
140	ts_train_00141	@user epa, a swi dare	negative
176	ts_train_00177	Xitombo xa nhomphi ğŸ™„ğŸ˜’ğŸ˜‚ https://t.co/fPXTRtSpMN	negative
778	ts_train_00779	@user @user @user @user loko va yi rhanza cricket na	positive
270	ts_train_00271	@user hahahahhahahahahhaa txoka wena	negative
148	ts_train_00149	Tivha yini hi paixao wenaa https://t.co/7tX3hRbQSn	negative
460	ts_train_00461	ğŸ˜‚ğŸ¤£ğŸ˜‚ğŸ¤£ğŸ˜‚ğŸ¤£ epah Yah afinal acontece la ğŸ˜‚ğŸ¤£ğŸ˜‚ğŸ¤£ğŸ˜‚ dzukuta para aqui dzukuta para ali ğŸ˜‚ğŸ¤£ğŸ˜‚ğŸ¤£, https://t.co/R2etkIjaXd	positive
727	ts_train_00728	@user @user @user @user ene swi valavula ntiyiso ğŸ˜‚ğŸ˜‚ğŸ˜‚ğŸ˜‚ğŸ˜‚ğŸ˜‚	positive
260	ts_train_00261	@user Wa biwa lweiğŸ˜‚	negative
725	ts_train_00726	@user ku hava paito unwani handle ka mina	positive
33	ts_train_00034	Famba uya ti fassağŸ˜¤ https://t.co/rXNiryPCRL	negative
44	ts_train_00045	Hosi yanga ğŸ™†ğŸ¾â€â™‚ï¸ğŸ™†ğŸ¾â€â™‚ï¸ğŸ™†ğŸ¾â€â™‚ï¸ https://t.co/fSlFykkTJ0	negative
435	ts_train_00436	Na hina hi gud... , nambi yi txonille hi rait... ğŸ”ŠğŸ”ŠğŸ‡²ğŸ‡¿ https://t.co/e5ZGGG02LY	positive
624	ts_train_00625	Mina nawena, Wena namina, #LovarÃ‰Nice utatwa kunandzika! (4Ã—)	positive
55	ts_train_00056	Ceh Ina ka! I para hi ku yini? https://t.co/HZbhA0cYkE	negative
225	ts_train_00226	@user Angihambi nawe wathi ngimubi wena	negative
315	ts_train_00316	Na mukha ni ya Kaya	neutral
313	ts_train_00314	Vata i kuma ximuxueneee, vaku Magumba haleenooo...	neutral
304	ts_train_00305	@user @user @user @user @user swilo swa konağŸ˜‚ğŸ˜‚ğŸ˜‚ğŸ˜‚ hi voice ya Connizer	neutral
536	ts_train_00537	@user Swo yini ku phfuka?	positive
589	ts_train_00590	Moya wa ku Xwenga	positive
405	ts_train_00406	Famba moyeni bafanas! https://t.co/0UK6SHVSlX	neutral
765	ts_train_00766	Ni yingiseli wena sesi khensi na cc bongi nile xokwe Mozambique 810dstv @user @user @user @user	positive
290	ts_train_00291	#Gingirikani swiya hiko tembisana ka vona e ku sunguleni	neutral
523	ts_train_00524	@user Buya u teka, ma kona hi stock.	positive
438	ts_train_00439	@user @user swivula kurhi xithembiso xa vona axika hetisekanga hikuva a xihlangi hixona xi tiyisaka a varadzane aka rixaka hambi kurhi mungangeni akurhi adam siolhe la chibuto mozambique	positive
406	ts_train_00407	@user xilo ndla yin ni kayerini	neutral
640	ts_train_00641	@user Ni pfhukile. Ho yini kupfhuka?	positive
336	ts_train_00337	@user Mina ni pimisa ku tasi... O desesperado=Cliente	neutral
300	ts_train_00301	"obuti wa hao yena a reng?"""""	neutral
204	ts_train_00205	@user hi nga ribali futhi na mhaka leya Ku dlaya vanhu va ti albino	negative
660	ts_train_00661	"@user """" Mina nawena, wena namina, #LovarÃ‰Nice, utatwa kunandzika !! """""	positive
789	ts_train_00790	@user Na hanha. NÃ´ scrolaranhana, ni hamba nkama pra niya Studio.	positive
690	ts_train_00691	Ahiii Loloza male ya Manhembana :D	positive
518	ts_train_00519	valeu meu cota, a niku hi yessu hi kakunene https://t.co/RmL1rcP2EX	positive
662	ts_train_00663	@user Re tsogile re ra wena	positive
383	ts_train_00384	pandzela ntsandza wa majaha Nwana I tiva hi Mutswari Baji ra makhelwani wari ambala ritlhelaâ€¦ https://t.co/DUHttgBV5D	neutral
430	ts_train_00431	@user Swa hini? A ukanho dza bom!	positive
292	ts_train_00293	@user sala kata ha to	neutral
431	ts_train_00432	AWENAAAAH... U mukulu... ğŸ˜‚ https://t.co/XknRQMKfD3	positive
78	ts_train_00079	@user Va mu tlelile pah ğŸ˜­ğŸ˜­ğŸ˜­ tlelaaa!!!	negative
65	ts_train_00066	@user @user Yu , tindzava ? Tsika mbangui mpfana e nita ku desprogramara	negative
231	ts_train_00232	@user @user @user Wa pupuruka wena.	negative
256	ts_train_00257	Nheeee ni tsike https://t.co/LHAxp8AyED	negative
565	ts_train_00566	@user @user ğŸ˜‚ğŸ˜‚ğŸ˜‚ kwini? wa swe tivah nah weneh swakuh ni strong	positive
56	ts_train_00057	Ka hissa kola missavene. ğŸ˜­ğŸŒ	negative
81	ts_train_00082	Hi dlawile ğŸ¤£ğŸ¤£ğŸ¤£ https://t.co/eDAoFMhw7s	negative
198	ts_train_00199	Va Tsike bai... https://t.co/YxW9Q56TBL	negative
411	ts_train_00412	https://t.co/OrxuvKQBTS @user bona kuri wendle yini munu waxikwembu.ğŸ˜–ğŸ¤£	neutral
472	ts_train_00473	A gwala a dri yelhi namuntlha. noh sindrissa	positive
572	ts_train_00573	Avelino Mondlane - Ndjombo Ya Lirandzo ğŸµğŸµ	positive
726	ts_train_00727	@user mi nga rivali ku happy birthday Eka mina	positive
358	ts_train_00359	@user Rixile he skhokho, niku kuma kahle nirila ka ka Ncai Ncai e Mozambique! I ADOLFO MIMBIRE LA MOZ KA KHUBU.	neutral
341	ts_train_00342	Ni dzinginika na nsati wamina nthabiseng mashaba ka xokwe nwana mina inocente mathonsi na conny mathonsi ka xokwe @user .....	neutral
239	ts_train_00240	Famba ti kundza. https://t.co/gLaQ8IrnNk	negative
259	ts_train_00260	Swa fana hi tafa https://t.co/bz92zyRaVp	negative
504	ts_train_00505	@user U zandza swiluğŸ˜‚ğŸ˜‚ğŸ˜‚	positive
343	ts_train_00344	Phula minegue ni diwa atÃ© ku huma ndzilo https://t.co/O3aawHYLXc	neutral
776	ts_train_00777	@user sim ğŸ™ˆ Teka famba	positive
792	ts_train_00793	@user ni bom, a caya kwaco khe?	positive
491	ts_train_00492	@user Ni vhona bemğŸ˜‚ğŸ˜‚ğŸ˜‚	positive
347	ts_train_00348	Raha pfurha ka nsati wamina nthabiseng mashaba ka xokwe @user	neutral
706	ts_train_00707	Yehova Hi Murussi Wa Mina ğŸ’â¤ @user Marracuene https://t.co/9Eii0awEcE	positive
98	ts_train_00099	@user Depois saem hi matalane Vha buya vhata yih hlupa	negative
761	ts_train_00762	Ni huma na marhama hey , khensa nsati wa mina wani hlayisa xem â¤â¤â¤â¤â¤ https://t.co/FbbebjwNR2	positive
76	ts_train_00077	@user Wena uni ntxumo uxi mahaka ni guele, ingui u bom pra puto puto, mas haaaaa	negative
797	ts_train_00798	Teka Famba @user B.Jardim https://t.co/tgABbLS0FM	positive
381	ts_train_00382	@user Wa switiva papa!	neutral
593	ts_train_00594	@user @user Wa swi tivaaaaa	positive
641	ts_train_00642	@user HÃ´ yini, hosi ya ma rima?	positive
321	ts_train_00322	A Vasati laku Tawas	neutral
670	ts_train_00671	"@user: @user ğŸ˜‚ğŸ˜‚ğŸ˜‚ğŸ˜‚ğŸ˜‚ pvt""""unga ni viajari wena txela nhama lanu"	positive
656	ts_train_00657	"Tsemba Jehova/ Wene nwana wa Xikwembu"""" - @user #QuartaDeQuotes"	positive
583	ts_train_00584	@user @user @user kambe ira mani risimu leri hi sungulaka awara ya 7 naaaaaa. Rini tsakisa ngopfu vakaxi va mina. Rixile.	positive
417	ts_train_00418	Namuvona buti tlhoye lowo yingana wona loko yifika a jone yi hembela a swi ntombana yiku papa yona i mulungo i nwana mama loyi mhani wayona angadji dinner yingase vuya akaya ari aswielhe ningase vona boy boy wamina yirandza a music wa sjava @user	neutral
422	ts_train_00423	@user Hahahaha Wena pa ğŸ˜‚ğŸ˜‚ğŸ˜‚ğŸ˜‚ğŸ„	positive
389	ts_train_00390	Teka Famba ou Gina https://t.co/PbDBohbSjE	neutral
335	ts_train_00336	@user Maji angana xi baciana lweiyo?	neutral
490	ts_train_00491	A mathapa na ma randza... https://t.co/eeZd3JmNuY	positive
469	ts_train_00470	@user Nikubula Rosinha wa minağŸ˜‚	positive
542	ts_train_00543	@user @user Wa swi tivelağŸ‘ŒğŸ‘ŒğŸ˜‚ğŸ˜‚ğŸ˜‚ğŸ˜‚ğŸ˜‚	positive
356	ts_train_00357	ğŸ˜¹ğŸ˜¹ğŸ˜¹ğŸ˜¹ conforme mo swi vonaka https://t.co/XQCiW5slp2	neutral
587	ts_train_00588	Auxene... Moine ku pfuka	positive
91	ts_train_00092	@user Senhora atirha hospital privado lani a humaka kona vatwa hiyena vana vayena angava pfumeli vatlanga na vana vanwani @user @user @user	negative
75	ts_train_00076	@user Uta kuma timaka hi maka ma brincadeira	negative
144	ts_train_00145	@user ni khome buti @user	negative
158	ts_train_00159	Fissekane ni Barcelona yenu ğŸ˜‚ğŸ˜‚ğŸ˜‚ğŸ˜‚ #HallaMadid ğŸ˜ğŸ˜ğŸ˜	negative
764	ts_train_00765	@user @user A ni guenti ğŸ˜¹	positive
618	ts_train_00619	@user ni pfukile va haxi nho kufumetanhana amuphungo nita kufumetanhana anhokana nitaya atirwene @user @user @user @user	positive
677	ts_train_00678	@user he uncle miri I birthday ya nwina namutlha?	positive
495	ts_train_00496	Hi va khale ka mungangu lowo! ğŸ˜ğŸ https://t.co/zZFO1peYRb	positive
219	ts_train_00220	@user Fvck U PhağŸ¤£	negative
605	ts_train_00606	@user Ni bom. Ho yini?	positive
473	ts_train_00474	A mbilo yanga cho ba	positive
294	ts_train_00295	@user Loco vÃ¡ku nhika nikombela uni tlhamuxela bai namina ni djula fswolefswo	neutral
94	ts_train_00095	@user Heee ... ha ni wa lewso mina ğŸ˜­ğŸ˜­ğŸ˜­ğŸ˜­	negative
571	ts_train_00572	Hewe', thlanga u hluela!!!	positive
181	ts_train_00182	ğŸ˜‚ğŸ˜‚ğŸ˜‚ğŸ¤£ Wa hlanya wena Kea bona. https://t.co/U7wuu4u964	negative
48	ts_train_00049	Ikhali mina ni zunga waku djokuni tolovela - sg	negative
23	ts_train_00024	@user Uta ni dhlaya	negative
233	ts_train_00234	Nikombela ku etlhela ğŸ˜¢ğŸ˜“	negative
717	ts_train_00718	Ni yingiseli @user kola Ka doroba laka CHOKWE @user @user 810 dstv niyo gee na vovo flora mathonsi	positive
27	ts_train_00028	@user WuaağŸ˜… swa ma SUPERA PATRICK ani tendereğŸ˜…	negative
703	ts_train_00704	"@user: """"@user: Mina a ni tsama ka twitter timaka xkola ğŸ˜‚ğŸ™Œ"""" Mine Ani Tsame (...) Himaka* (..) .."""" thanks ..."	positive
556	ts_train_00557	ğŸ˜‚ğŸ˜‚ğŸ˜‚ U ya kwini https://t.co/sI7DT6a04c	positive
482	ts_train_00483	Nwana Mutxangane i mutxangane em Praia do Bilene https://t.co/tZc4iLsrSl	positive
223	ts_train_00224	Xtombo xa ngwako oskhâ€™an test us papÃ¡, donâ€™t play like that https://t.co/tGXCaQQI9m	negative
310	ts_train_00311	@user Wa txintxa ğŸ˜‚ğŸ˜‚ğŸ˜‚ğŸ˜‚ğŸ˜‚ğŸ¤£ğŸ¤£	neutral
480	ts_train_00481	Ya ba buluku... Tsokaaaa ğŸ•ºğŸ¿	positive
241	ts_train_00242	Ubakka Va ta zwa ku vava	negative
246	ts_train_00247	@user heeee wenna ni tsiki	negative
402	ts_train_00403	@user @user Nidzumba nanwina ka mungana	neutral
54	ts_train_00055	Famba ti kundza invejosa ğŸ¤£ https://t.co/j7E0qcKys1	negative
493	ts_train_00494	Auxeni Va Jessica ni Va Jessico	positive
636	ts_train_00637	Jimmy Dludlu - Mu Tumbelelwana ğŸ¶âœ¨	positive
29	ts_train_00030	@user Namuntlha nada baiye, a xirhame ci demanji	negative
456	ts_train_00457	@user Xi chonguile pahğŸ”¥	positive
69	ts_train_00070	U tsama u ui vona a mbongolo yi nga xidjana*? ğŸ¤” Ih leyi Lani ğŸ˜‚ğŸ˜‚ https://t.co/R3wBgvTXIc	negative
433	ts_train_00434	Swi helile swa ma pank, finish ğŸ˜¹ğŸ˜‚ğŸ˜‚âœŒ	positive
67	ts_train_00068	@user ğŸ¤£ğŸ¤£ğŸ¤£ğŸ¤£ğŸ¤£ğŸ¤£ğŸ¤£ğŸ¤£ğŸ¤£ğŸ¤£famba u ya ti gunha hi parede.	negative
308	ts_train_00309	@user Akuna Xitombooo swaku thlanga ni Mboloooo ğŸ‘¯â€â™€ï¸ğŸ‘¯â€â™€ï¸ğŸ‘¯â€â™€ï¸ğŸ‘¯â€â™€ï¸	neutral
332	ts_train_00333	ğŸ¤£ğŸ¤£ğŸ¤£ pÃ´di ni xava!? Ndjaku kalhula a mintxumo... https://t.co/2FBlXFFhXA	neutral
549	ts_train_00550	@user Naminau kata na fhinavela acufamba ni ti tsaguela, cubo uia xplanada......	positive
388	ts_train_00389	@user @user @user niku khoma nile xokwe 810dstv	neutral
479	ts_train_00480	"ku laveca Mali, a ku laveke ntizo laku sasseka"""" âœğŸ¿ https://t.co/tH5Our94Qu"	positive
84	ts_train_00085	U La Ku Nitxintxa My Baby! U La Ku Nitxintxa My Baby!	negative
500	ts_train_00501	A lirandzu la patima!	positive
421	ts_train_00422	wena na mina	positive
96	ts_train_00097	Nitaku panhula ih xinwe xa tiroğŸ˜‚ https://t.co/Sx54jesXJW	negative
770	ts_train_00771	@user @user @user mara tinsimo ta xitsonga ta tsakisa niku yingiseli nile xokwe Mozambique @user	positive
784	ts_train_00785	Txuvuka dzanku logo uya wa kwela kuvuya ka wena hitaku yamukela	positive
453	ts_train_00454	Loko u va kuma va tlanga, tlanga nawenaweğŸµ Loko u va kuma va tirha, tirha nawenaweğŸµ Loku u va kuma va phusa...ğŸµ U nga kalavalewi hi vanghano mani	positive
408	ts_train_00409	Hai wena mun !!!!! ğŸ™ŒğŸ» https://t.co/KNdkTg6YUa	neutral
680	ts_train_00681	@user Auxeneeee Tek, hoyineee ku phukaaa?	positive
113	ts_train_00114	@user Ahu xitwi xizami papÃ¡ ğŸ˜­	negative
374	ts_train_00375	@user tavuya vahaxi mahaka matorokisi ni muyingisile niri kola akaya AMAGUDE MOZA.MBIQUEğŸ’ªâœŒ @user @user	neutral
749	ts_train_00750	@user Na hanya. Ho yini?	positive
505	ts_train_00506	@user Hi ta humula guwa	positive
516	ts_train_00517	Hiya Tlhava Mavacina, Hooo ka Docodela https://t.co/Tv546aBlZ3	positive
487	ts_train_00488	A I landzi* ti dhlela	positive
312	ts_train_00313	Kuna Xukela, la ka mina kuna Xukela,......kuna Xukela, lÃ¡ ka mina kuna Xukela! ğŸ”ˆğŸ”‰ğŸ”‰ğŸ”‰ğŸ”ŠğŸ”ŠğŸ”ŠğŸ”ŠğŸ”ŠğŸ”Š	neutral
307	ts_train_00308	@user Wasvitiva a kutsala hixitsangana ??	neutral
570	ts_train_00571	@user @user @user nimi ingisele niri ka Chokwe Gaza Mozambique via http://t.co/xGghjILTEk	positive
697	ts_train_00698	Ni bom ,ni yetlelile bem ...anhanti wena... hummmm.... (loop). https://t.co/zRMh6a5K5F	positive
24	ts_train_00025	Xitomb* xa wuako https://t.co/r5w8GnhRYw	negative
324	ts_train_00325	A LOKO NIKU HIIIN https://t.co/sxJic0i3WD	neutral
626	ts_train_00627	Mina ni sati wanga* Jay â™¡ @user Maputo, Mozambique https://t.co/IUiQupzUfc	positive
182	ts_train_00183	@user @user @user @user admitam, mu vha yive nwine.	negative
600	ts_train_00601	@user Ni pfhukile. A va tsongwana va thlanga. Khanimambo ğŸ™ğŸ¾	positive
451	ts_train_00452	@user Hi pfukile Wa Matimba wahi londzovota	positive
407	ts_train_00408	@user @user @user @user @user loko yi dyiwa jaaa	neutral
102	ts_train_00103	Vataku yivissa mova mamanou, owooooooh. Wa tlanga wena. Keep tlanguing, uta dzila. https://t.co/lraQGWA6Gg	negative
724	ts_train_00725	@user ğŸ˜‚ğŸ˜‚ğŸ˜‚ğŸ˜‚ I nkarhi wa malamula	positive
267	ts_train_00268	@user Hahahahah Futseka Wena ğŸ¤£ğŸ™†â€â™‚ï¸	negative
74	ts_train_00075	@user Afinal fere a vista? ğŸ˜‚ğŸ˜‚ğŸ˜‚ Ni dzivaleli a ni nga swi tivi ğŸ¤£	negative
547	ts_train_00548	YABA BULUKU A FAZER HISTÃ“RIA https://t.co/KVIXiaoTFA	positive
630	ts_train_00631	@user Nambe mina. Ni pfhuki kwatse. Khanimambo	positive
783	ts_train_00784	Mr Bow - Ni tafa na wena https://t.co/CKMvkau0OR	positive
71	ts_train_00072	@user @user Unga ni lhanhele mina	negative
360	ts_train_00361	Hi ta ya ka wutomi !	neutral
391	ts_train_00392	@user li fana ni nhwungue vow ngo gzula lani mussavene	neutral
700	ts_train_00701	Auxene va makwezu.	positive
445	ts_train_00446	@user Swi swi swi swi swi swi swi swi ğŸ‘ğŸ½ ğŸ‘ğŸ½ ğŸ‘ğŸ½ ğŸ‘ğŸ½ ğŸ‘ğŸ½ ğŸ‘ğŸ½ jÃ¡ namoras?	positive
150	ts_train_00151	@user wa gwira weni pa	negative
635	ts_train_00636	Ma sweet lady ma talil Ma sweet lady ma talil Mina ni be dji utomi Ni funga kufa niku hanhana I will always love you Ma talil	positive
266	ts_train_00267	@user Mas ni yetxi yini?? ğŸ˜‚ğŸ˜‚ğŸ˜‚ Unga ni loyissiğŸ˜‚ğŸ˜‚ğŸ˜‚	negative
601	ts_train_00602	Nkatangouu hinga tsama niku gwela swaku akuna munwane lwei ani tsakuisaka a mbilwini. ğŸµğŸµ	positive
537	ts_train_00538	Teka Famba o Txova https://t.co/AruWmqEUPK	positive
751	ts_train_00752	ğŸ˜¹ğŸ˜¹ğŸ˜¹ğŸ˜¹ ih fswona ndwena, A ciku para vhaku biya dzi ta tlassa https://t.co/QU3IxsVMFP	positive
136	ts_train_00137	@user Wa biwa wene	negative
186	ts_train_00187	Maputo ka hisa sorry la	negative
189	ts_train_00190	Loku u gwuira ni ta ku tsika ğŸ¶ ğŸ•ºğŸ¿	negative
180	ts_train_00181	@user Amitxino ya barhule yifambisana nitisimu ta yenağŸ˜‚iswo rhuketela hikwaswo @user @user @user @user @user	negative
258	ts_train_00259	uh dzah ih mbangue Mr Virgil https://t.co/t3G99KYn1t	negative
756	ts_train_00757	Bom tarde matxaka ya minağŸ™‹ğŸ»â€â™€ï¸ğŸ‡²ğŸ‡¿ğŸ‡²ğŸ‡¿maputo https://t.co/KC4sunCCpO	positive
317	ts_train_00318	@user Conforme mu swi vonakağŸ˜‚ğŸ˜‚ https://t.co/q14pssV7cG	neutral
584	ts_train_00585	Dzi xile va makwezo !	positive
580	ts_train_00581	Dzixile ohine ku pfuka https://t.co/gSa3NkOTy6	positive
50	ts_train_00051	@user Swa kharata mpela... Khambi... Funtsi a ih swi tsiki... ğŸ˜”	negative
116	ts_train_00117	ğŸ‡§ğŸ‡·ğŸš¶â€â™‚ï¸ğŸ’‡ğŸš´: ColisenÃ§a ğŸ‡²ğŸ‡¿ğŸš¶â€â™‚ï¸ğŸš´: Awe Xitombo xa mwako uly istrato xanhine wako lexy.ğŸ˜‚ğŸ˜‚	negative
484	ts_train_00485	Lwandle(Xiluva) ingoma ya ku saseka https://t.co/eZtCjiOvmG	positive
425	ts_train_00426	Swa yantswa niva mbuya, nita Kuma ma regalias ğŸ˜’	positive
384	ts_train_00385	Ih Rihanna djon ğŸ˜­ğŸ˜­â¤ https://t.co/wm8IOr0qZQ	neutral
592	ts_train_00593	Hi pfuki bem, a whana wa tlhangua akuna ku karata, whina ke? https://t.co/NM4QM9GjB5	positive
146	ts_train_00147	A vavasati ya tswira a tibi bem hi nhloko http://t.co/aoShU99c7f	negative
125	ts_train_00126	Marido: (apÃ³s ter pedido chÃ¡ hÃ¡ uma hora) serÃ¡ que ni ta kweva a chana namutla. Esposa: u ta kweva boy, aliÃ¡s boss. Marido: hi mani boy? Esposa: ni phazamile, hi wena boss. Assim estamos na esquadra ğŸ¤·ğŸ½â€â™‚ï¸	negative
404	ts_train_00405	Nasty C ih âœ¨ğŸ™ŒğŸ”¥ğŸ”¥ğŸ”¥ğŸ”¥	neutral
450	ts_train_00451	Nina wena kola xokwe Mozambique @user nilo geeee 810dstv @user #53yrs	positive
769	ts_train_00770	namunthla mu ta nitwa... @user	positive
228	ts_train_00229	@user Ali exageram ih	negative
159	ts_train_00160	@user Wa Loya wene ğŸ˜‚ğŸ˜‚ğŸ˜† hi tsiki	negative
564	ts_train_00565	"Kuni guala la? Kuni va fana la???"""" -Rupi Kaur"	positive
742	ts_train_00743	Pooora gramo mng de Mathapa pah foooodaz. Patsa Ni ma hanti	positive
289	ts_train_00290	@user ğŸ˜‚ğŸ˜‚ğŸ˜‚ğŸ˜‚ğŸ˜‚ğŸ˜‚ğŸ˜‚ lo gaaaaaaa ni kume vanwani vantswa	neutral
349	ts_train_00350	Ya ya ya!! @user magoanine https://t.co/qZEDzncHJM	neutral
368	ts_train_00369	@user Conforme Mi Swi Vonaka!!	neutral
649	ts_train_00650	ğŸ˜‚ğŸ˜‚ğŸ˜‚ğŸ˜‚ keep voning. Na ku xuvha https://t.co/fpBbBvyZGq	positive
437	ts_train_00438	@user Munhu wa mina ku saseka	positive
489	ts_train_00490	@user Nita txintxa bradağŸ˜‚	positive
781	ts_train_00782	Hibha fotxolo khuza ku huma no lithilu https://t.co/oNxdmdiJOy	positive
607	ts_train_00608	Ni kola Ka xingange vani khome bom MA's @user and Ku tlangeliwa birthday https://t.co/byvttQfer0	positive
397	ts_train_00398	Niku swÃª tititi ğŸ˜‚ğŸ˜‚ğŸ˜‚ğŸ™† https://t.co/I9Tm4jGBHF	neutral
249	ts_train_00250	@user Ntaku Greeka wena	negative
398	ts_train_00399	@user wandilahla hla wena shm	neutral
66	ts_train_00067	@user Himpela wo nhimela nkama wa ko u fika, yena a poronto, ni mu fundile bem, mas wa karhata nhana....	negative
426	ts_train_00427	@user Ni bom by Noh Dja djuala ntse	positive
436	ts_train_00437	@user @user Swa* banana pah Mas passamos na mesma	positive
701	ts_train_00702	@user Dzixileeeeee, mo hine ku phuka.	positive
739	ts_train_00740	Kkkklk ni kombela uni sendela ka whatsup https://t.co/31H5ghj4G4	positive
109	ts_train_00110	â€œXitombo xa zaidaâ€	negative
224	ts_train_00225	@user ğŸ˜‚ğŸ˜‚ğŸ˜‚ğŸ˜‚ğŸ˜‚ğŸ˜‚ho va nhenhentsa	negative
291	ts_train_00292	Aloku niku im ğŸ˜› ğŸ‘Š_/ \_ğŸ‘Š ( . ) ğŸ† ğŸ‘– Ya ba buluko	neutral
534	ts_train_00535	A wasati vomu taratara jurooo A wasati vomu ghenissa salÃ£o a shongaaa - vovo dele. https://t.co/OYmT0XsNik	positive
775	ts_train_00776	@user @user @user #Topic mina vahaxi ani hambanisi swafana na vanhu va hlonge ya mina ntsena i respect kufana na uwani	positive
517	ts_train_00518	A Mavele ya ku tsamisseka https://t.co/gmFeJrqGNp	positive
535	ts_train_00536	@user @user @user @user @user Nisuka xokwe sweswi tani bazara ka xingangi agora	positive
30	ts_train_00031	Suka, xtapora: Niti dlela male ya Mina ğŸ¤ŒğŸ½ Toh ta falar, Noh ti dlela male yah Mina ğŸ˜‰	negative
562	ts_train_00563	A quiet place 2... Here Hina ya famba	positive
779	ts_train_00780	@user @user @user #HHW boti tshama na muti wa kokwani. Sesi famba vukatini bya wena	positive
603	ts_train_00604	@user mina se lindivarrr mina aita navhela aku teka giyane nitsakisa hi xibelane niri kola a magude @user	positive
476	ts_train_00477	Outros ; YABA BULUKU ğŸŒ Outras ; LA KAMINA KUNA TXUKELA ğŸ Eu ; NOLAVHA KU PHUZA NIFAMBA ğŸ»	positive
103	ts_train_00104	@user Unga lhai, lava vÃ¡ lhayaka swaku kuni ma gerador nem a vÃ¡ kutive Albasine cola ka maputsu, ambi bobole loko kungana placa ava ku tive, ja vÃ¡ tiva ma gerador ya tiko, hewenou, hambe male kona ma gerador a mana gasolina pru falta ya orÃ§amento.	negative
611	ts_train_00612	@user na mina nimi kuma kahle nirila Moz ka Khubu	positive
282	ts_train_00283	@user @user ğŸ˜‚ğŸ˜‚ğŸ˜‚ğŸ˜‚ mwine mu tÃ¡ biwa jÃ¡... Ma ni lhekissa ğŸ˜‚ğŸ˜‚ğŸ˜‚ğŸ˜‚ğŸ˜‚ğŸ˜‚ğŸ˜‚ğŸ˜‚ğŸ˜‚ğŸ˜‚ğŸ˜‚ğŸ˜‚ğŸ˜‚ğŸ˜‚ğŸ˜‚	negative
37	ts_train_00038	Hahahahaha hadjakufa lweyi... Ã‰ provocar overdose isso! ğŸ˜‚ https://t.co/OicW5UEMax	negative
763	ts_train_00764	A xinkwa lexi xa le missaveni u ndzuluti we Tatana hakukombelağŸ’ƒğŸ’ƒğŸ’ƒ Lililili	positive
201	ts_train_00202	Kasi swa vava ku tsikiwa ğŸ˜­ @user Cidade De Chokwe https://t.co/1mj906huNj	negative
338	ts_train_00339	@user kasi Mina se nilo onha yini Ti tweets ta Mina amihlayi vahaxi....	neutral
11	ts_train_00012	@user entÃ£o ungah ni trapalhari wena pah...	negative
574	ts_train_00575	@user swiswi ni vona Gavin a hindzela mahlweni	positive
418	ts_train_00419	@user mara dj unjani wena hiiiiÃ¬ğŸ˜‚ğŸ˜‚ğŸ˜‚ğŸ˜‚ğŸ˜‚ @user @user	neutral
247	ts_train_00248	@user U kundzekiwile bai.	negative
441	ts_train_00442	@user mina nipfukile mara anisya helo naha yimela axikongelo xa bava MALEYANE nitatua ku ku djiwa yini atiheleneğŸ˜ @user @user @user @user @user	positive
595	ts_train_00596	Loku u hi wona hiku ta hi yena, hi yena Yehova, hi yena A loku u hi wona na hili so hi yena, hi yena Yehova, hi yena Oh hi yena Yehova, hi yena, hi yena ğŸ§ğŸ¶ğŸ¶ğŸ¶ https://t.co/4B3sy5uqqX	positive
771	ts_train_00772	Rendes Xikento ihğŸ˜‚ https://t.co/DHwyVLdCzS	positive
157	ts_train_00158	Wena awu ni tendere nkata '8)	negative
345	ts_train_00346	Ahi tivaneni Mina ni leonildo wali chokwe wena ke ? @user ChokwÃ© https://t.co/bKYfgEbjlE	neutral
234	ts_train_00235	@user F U pah ğŸ˜‚ğŸ˜‚ğŸ˜‚ğŸ˜‚ğŸ˜‚	negative
85	ts_train_00086	@user @user Nitaku panhula hi xinwui* xa tiroğŸ˜‚ğŸ˜‚	negative
529	ts_train_00530	Hina matxangana vah hi tiva hiku tsaka ğŸ˜‚ğŸ˜‚ğŸ˜‚ğŸ˜‚ https://t.co/OEm7Mk1DMH	positive
322	ts_train_00323	@user Mi svi vonakağŸ˜¹	neutral
316	ts_train_00317	Conforme mo swi vonaka ğŸ˜¹ğŸ˜¹ğŸ˜¹âœŒ https://t.co/8F8MWFLWxO	neutral
82	ts_train_00083	â€œKasse mamana ya wena ii herioaâ€ğŸ˜­ğŸ˜­ğŸ˜¹	negative
429	ts_train_00430	Niku yingiseli niri ka xokwe Mozambique @user #mindzumba	positive
166	ts_train_00167	Wa yitiva @user wena kumbe hota mbangui loko yi nhiwe himbutiğŸ˜‚ğŸ˜‚ğŸ˜‚ğŸ˜ğŸ˜na weğŸ‘‰ @user ğŸ˜‚ğŸ˜ @user @user	negative
620	ts_train_00621	Ya disko funk ğŸ˜‚ https://t.co/6gjyz43f0Q	positive
723	ts_train_00724	@user @user ni bom Wena ke https://t.co/L9hXLd3s0u	positive
334	ts_train_00335	Iii telivisor ya wena ya LEGOğŸ˜‚ğŸ˜‚ğŸ˜‚ğŸ¤£ https://t.co/LRhQPSojgG	neutral
126	ts_train_00127	Ku gama ku humelela Mabandido ğŸ˜­ https://t.co/EhALU9zITQ	negative
566	ts_train_00567	@user @user @user @user @user @user WA SWI TIVA BRODIğŸ’ª	positive
364	ts_train_00365	Ali mina ni: https://t.co/YOd0ufFhad	neutral
123	ts_train_00124	Manter estrada que estamos a pagar?ğŸ˜‚ğŸ˜‚ munga hilhupi	negative
693	ts_train_00694	@user Definetly GOATS Alexandre Langa - Rosa Maria Pedro Langa - Mamba ya Malepfu Hortencio Langa - Lirandzu	positive
265	ts_train_00266	Agana tigana lweyi wa mamane.. a tiya aya kuma nhimbou agama a swi teka a swivanani a swi peta DERENAJII https://t.co/44Py863ZR4	negative
699	ts_train_00700	kannimambo, ni tsakÃª swi nene https://t.co/horMgEjcp1	positive
100	ts_train_00101	Vamos demostrar solidariedade masculina! A XI pfutseki https://t.co/qn4RlxH9XZ	negative
293	ts_train_00294	ğŸ˜‚ğŸ˜‚ğŸ˜‚ U ta Djikimela dzi mu tsika https://t.co/pxFHVDOoXe	neutral
21	ts_train_00022	Messi Wa Nhine ğŸ˜‚	negative
222	ts_train_00223	Tsika ku hanha hutomi dza vamwanhane ğŸ˜Š	negative
459	ts_train_00460	"Siku dza mundzuku adzitiviwi hi munhu, sÃª swayampsa utidondzela weeena, ROSALINAAAA"""" OuÃ§a #Rosalina de Keyce no #SoundCloud https://t.co/9TcY86QEhe"	positive
210	ts_train_00211	MMA IH PRIGOZO MANJI ğŸ˜‚ğŸ˜‚ğŸ™†	negative
515	ts_train_00516	#DesafiodeDezDias siku dza wu Muni https://t.co/7z1wCZOEq9 https://t.co/6t8lnEZD3l	positive
250	ts_train_00251	@user @user @user se buti Brian nwana wa hale ka hina u kahle ngopfu ka ku khenya xi Portuguese @user	negative
658	ts_train_00659	U ta famba maTilweni https://t.co/QAavLO1Bt2	positive
295	ts_train_00296	@user @user wasvivona svosvi, kopfukiwa. Hikhanga hi svihlaya lesvi khaaale.	neutral
240	ts_train_00241	Na mina nile ku yingiseleni ka nongonoko lowu wo xonga swonghasi nirila Mozambique ka Khubu njhe @user @user @user @user @user @user	negative
467	ts_train_00468	Dzi Xile Na voz de Kanye West	positive
538	ts_train_00539	@user @user Ni bom bay	positive
671	ts_train_00672	Ayo buya anikhoma, aku teka nuku nhicağŸ˜‚ https://t.co/ycHUwlH6lQ	positive
252	ts_train_00253	Famba te kundza PAH.. Hahahahahahahahah https://t.co/k54UcyBZ7r	negative
702	ts_train_00703	@user Khanimambo ğŸ™ğŸ¾. Hi yini kupfhuka?	positive
62	ts_train_00063	Va khu ndzaveta u va khuma la https://t.co/tPpLJUXwiQ	negative
758	ts_train_00759	@user @user Ka dlhiwa maleğŸ˜‹ğŸ˜‹	positive
280	ts_train_00281	@user wa biwa wene:-D	negative
623	ts_train_00624	ğŸƒğŸƒğŸƒğŸƒğŸƒğŸƒğŸƒğŸƒ ğŸƒğŸƒğŸƒğŸƒğŸƒğŸƒğŸƒğŸƒ yuwiiii AMARGOU ...ih mine lwe yaaaa	positive
614	ts_train_00615	@user @user nile guija ni tlangela birthday ya mina https://t.co/4ixq5pYtiS	positive
372	ts_train_00373	@user makwenu wa wena?	neutral
609	ts_train_00610	@user Mmm. Swa hombÃ©. Ni pfhukile. Khanimambo	positive
170	ts_train_00171	@user ğŸ˜­ğŸ˜­ ni caralile boy	negative
139	ts_train_00140	Hawena hinga ni tsika pah https://t.co/RM9k5zuWsn	negative
141	ts_train_00142	Utwa mbangui wena https://t.co/ER3oeSGkBJ	negative
721	ts_train_00722	@user ok a chikwembo cha swi vona	positive
667	ts_train_00668	Nina wena kola xokwe Mozambique @user uni endla yini mara 810dstv	positive
216	ts_train_00217	@user HAHAHAHA FUTSEKA WENA...	negative
647	ts_train_00648	dezember time . . Ku ta fiwa	positive
393	ts_train_00394	@user ğŸ˜€ğŸ˜€ğŸ˜€ Acha tariqa hai RT lene ka	neutral
108	ts_train_00109	Haaaaaaaaaaaa... wa hemba https://t.co/GOXN197h9l	negative
719	ts_train_00720	Auxene. Mo yini ku pfuka? #Acredita	positive
705	ts_train_00706	Ya, no Xipamanine https://t.co/nM4LzPhySp	positive
2	ts_train_00003	Hahahahaha ih, tipo arrombaram o nhoster, ğŸ˜‚ğŸ˜‚ğŸ‘ https://t.co/OTTuJlkK3l	negative
419	ts_train_00420	@user Swi txiki leswo... Os dois se txendam aqui	neutral
454	ts_train_00455	Namina one day vata ni posta va beka mbilu â¤ï¸ğŸ˜©	positive
118	ts_train_00119	Edjoo. Fria ta kwaparğŸ˜‘	negative
740	ts_train_00741	U tah yi phuza impala ğŸ˜¢ https://t.co/wVKS8CYJrj	positive
581	ts_train_00582	@user Hipfukile ingo wena?	positive
0	ts_train_00001	@user Loku u navela Ku tissunga, tissungueğŸ•³ï¸	negative
77	ts_train_00078	Wenna @user hu ta ni txanissa ih voz man https://t.co/HyFpfT0aJZ	negative
229	ts_train_00230	Ubhema ama drugs wena. https://t.co/s9OmoIx8Qi	negative
